Field,Required/Optional,Ontology ID,Type of Variable(s),Definition,Guidance,Example(s)
specimen_collector_sample_ID,Required,GENEPIO:0001123,"Alphanumeric 
",An identifier data field which describes the user-defined name for the sample. ,"The sample ID should represent the identifier assigned to the sample at time of collection, for which all the descriptive information applies. Every sample ID from a single submitter must be unique. The ID may use any format, but should be concise, consistent within the lab, and informative where possible. If the original sample ID is unknown or cannot be provided, leave blank or provide a null value.",DDIC-001-C2-F03
case_ID,Optional,GENEPIO:0100281,Alphanumeric,A data field which describes the identifier used to specify an epidemiologically detected case of disease.,Provide the case identifer. The case ID greatly facilitates linkage between laboratory and epidemiological data. The case ID may be considered identifiable information. Consult the data steward before sharing.,Case-4321
umbrella_bioproject_accession,Optional,GENEPIO:0001133,Alphanumeric,An identifier field which describes the International Nucleotide Sequence Database Collaboration (INSDC) umbrella accession number of the BioProject to which the BioSample belongs. ,"Required if submission is linked to an umbrella BioProject. An umbrella BioProject links together related BioProjects. A valid BioProject umbrella accession has prefix PRJN, PRJE or PRJD. Your laboratory can have one or many BioProjects. ",PRJNA1031577
bioproject_accession,Recommended,GENEPIO:0001136,Alphanumeric,An identifier field which describes the International Nucleotide Sequence Database Collaboration (INSDC) accession number of the BioProject(s) to which the BioSample belongs. ,"Required if submission is linked to a BioProject. BioProjects are an organizing tool that links together raw sequence data, assemblies, and their associated metadata. A valid BioProject accession has prefix PRJN, PRJE or PRJD and is created once at the beginning of a new sequencing project. Your laboratory can have one or many BioProjects. ",PRJNA1031597
biosample_accession,Recommended,GENEPIO:0001139,Alphanumeric,An identifier field which describes the identifier assigned to a BioSample in International Nucleotide Sequence Database Collaboration (INSDC) archives.,Store the accession returned from the BioSample submission. NCBI BioSamples will have the prefix SAMN.,SAMN37948342
sra_accession,Optional,GENEPIO:0001142,Alphanumeric,"An identifier field which describes the Sequence Read Archive (SRA), European Nucleotide Archive (ENA) or DDBJ Sequence Read Archive (DRA) identifier linking raw read data, methodological metadata and quality control metrics submitted to the International Nucleotide Sequence Database Collaboration (INSDC). ","Store the accession assigned to the submitted ""run"". NCBI-SRA accessions start with SRR.",SRS19258924
insdc_assembly_accession,Optional,GENEPIO:0101204,Alphanumeric,A unique identifier that denotes an assembly record submitted to the International Nucleotide Sequence Database Collaboration (INSDC). ,Store the versioned accession assigned to the submitted sequence e.g. the GenBank accession version.,GCA_000002765.3
host_specimen_voucher,Optional,GENEPIO:0100283,Free text,Identifier for the physical specimen.,"Include a URI (Uniform Resource Identifier) in the form of a URL providing a direct link to the physical host specimen. If the specimen was destroyed in the process of analysis, electronic images (e-vouchers) are an adequate substitute for a physical host voucher specimen. If a URI is not available, a museum-provided globally unique identifier (GUID) can be used. If no persistent unique identifier is available, follow the INSDC guidance for populating the voucher_specimen attribute using standard triplets for institution codes (i.e., /specimen_voucher=.[<institution-code>:[<collection-code>:]]<specimen_id>.): http://www.insdc.org/controlled-vocabulary-specimenvoucher-qualifier","URI example: http://portal.vertnet.org/o/fmnh/mammals?id=33e55cfe-330b-40d9-aaae-8d042cba7542, INSDC triplet example: UAM:Mamm:52179"
data custodian,Optional,NCIT:C165210,Free text,The person (or organization) responsible for a specific data set.,"The official organization name should be used (avoid abbreviations, alternate names as much as possible).","National Malaria Control Program, Ghana Health Service"
sample_collected_by,Required,GENEPIO:0001153,Free text,The name of the organization with which the sample collector is affiliated.,"The name of the agency should be written out in full, (with minor exceptions) and be consistent across multiple submissions.",Centre for Infectious Disease Research in Zambia
sample_collector_contact_name,Optional,GENEPIO:0100432,Free text,A data field which describes the name or job title of the contact responsible for follow-up regarding the sample.,"Provide the name of an individual or their job title. As personnel turnover may render the contact's name obsolete, it is more preferable to provide a job title for ensuring accuracy of information and institutional memory. If the information is unknown or cannot be provided, leave blank or provide a null value.",Baraka Nehema
sample_collector_contact_email,Optional,GENEPIO:0001156,Free text,The email address of the contact responsible for follow-up regarding the sample.,The email address can represent a specific individual or laboratory.,Lab_Business@cidrz.org
sample_collector_contact_address,Optional,GENEPIO:0001158,Structured format,The mailing address of the agency submitting the sample.,"The mailing address should be in the format: Street number and name, City, State/Province/Region, Country, Postal Code/Zip Code","CIDRZ Central Laboratory, Kalingalinga Health Centre, Corner of Alick Nkhata and Condor Roads, Kalingalinga, Lusaka, Zambia."
purpose_of_sampling,Recommended,GENEPIO:0001198,Permitted value(s),The reason that the sample was collected.,Select a value from the pick list in the template. ,Longitudinal surveillance [HSO:0000400]
purpose_of_sampling_details,Optional,GENEPIO:0001200,Free text,Further details pertaining to the reason the sample was collected.,Provide a free text description of the sampling strategy or samples collected.,To investigate how a specific mutation (C101F) in the chloroquine resistance transporter protein (PfCRT) of Plasmodium falciparum can confer resistance to the antimalarial drug piperaquine (PPQ) and potentially alter susceptibility to other drugs. [https://doi.org/10.1128/mbio.00303-17]
mode_of_sampling,Optional,,,,,"Reactive, Active, Passive surveillance, etc. "
sampling type?,Optional,AFO_/result#AFR:0002610,"Permitted value, or Other (+ Free text)",A sampling type is a classification datum that classifies the type of sampling approach used to take a sample. [Allotrope],"Pick a value from the pick list provided.  If the desired value is not available, select ""Other"" from the pick list and add a free text description of the desired sampling type. If the information is unknown or cannot be provided, leave blank or provide a null value.","Reactive surveillance, Active surveillance, Passive surveillance, etc. "
study_ID,Optional,NCIT_C83082 ,Alphanumeric,"A sequence of characters used to identify, name, or characterize the study.",Provide the study identifier if the sample was collected as part of a study.,1001-PF-ML-DJIMDE
study_short_title,Optional,NCIT:C42774,Free text,"An official descriptive name of a document, e.g. the long name of a study protocol provided by the study sponsor.",Provide the study short title if the sample was collected as part of a study.,Mother Offspring Malaria Study (MOMS) in Tanzania
study,Recommended,NCIT:C63536,Permitted value(s),"An uncontrolled observational study containing a detailed report of the diagnosis, treatment, and follow-up of an individual patient. Case reports also contain some demographic information about the patient (for example, age, gender, ethnic origin).",Select a study value from the pick list provided. ,Population study (NCIT:C15716)
study_start_date,Optional,NCIT:C69208,Structured format,The date on which a study began.,"Provide the study start date in ISO 8601 format, i.e. ""YYYY-MM-DD"". ",01/06/2024 00:00
study_completion_date,Optional,OPMI:0000297,Structured format,The date on which a study completes.,"Provide the study completing date in ISO 8601 format, i.e. ""YYYY-MM-DD"". ",30/06/2025 00:00
study_site_ID,Optional,NCIT_C83081,Alphanumeric,"A sequence of characters used to identify, name, or characterize the study site.","It is a unique identifier for the geographic or institutional location where a study is conducted, e.g., a hospital, clinic, or village where participants are enrolled and the study is implemented.",Katuuso village 
population,Optional,IDOMAL:0001254,Permitted value(s),"A population is a collection of individuals from the same taxonomic class living, counted or sampled at a particular site or in a particular area.","Record the sample collection targeted population group accuratly in the template. Pick a value from the pick list provided. If the desired value is not available, select ""Other"" from the pick list and add a free text description of the desired targeted population group. If the information is unknown or cannot be provided, leave blank or provide a null value.",human population in malarial areas [IDOMAL:0001008] (3)
sampling_area_human_population_measurement_value,Optional,,Numeric,The numerical value of the human population inhabiting a defined sampling area that contributes to parasite transmission.,"Where known, provide the numerical value of population size, i.e. the number of people.",10500
sampling_area_human_population_range,Optional,,Permitted value(s),The range of the human population inhabiting a defined sampling area that contributes to parasite transmission.,"Where the sampling area human population is not well known, provide an estimation of population size by selecting a value from the picklist.","1,000 - 10,000 people"
sampling_area_human_population_density_value,Optional,,Numeric,The numerical value describing the number of humans per geographical area in a sampling area.,Provide the numerical value of the population density in the sampling area.,4
sampling_area_human_population_density_unit,Optional,,Permitted value(s),The unit describing the number of humans per geographical area in a sampling area.,Provide the unit of the population density in the sampling area.,Persons per Km^2
study_group_population_size,Optional,STATO:0000088,Numeric,Statistical sample size is a count evaluating the number of individual experimental units.,,800
screening_population_size,Optional,,Numeric,Number of individuals that were tested. ,,400
population(age_bin),Optional,,Permitted value(s),A description of the age category of the sample study population at the time of sampling. ,Age bins intervals have been provided. Age bin can be used as an alternative for exact age for privacy concerns.,15-49 years
sex_of_study_group,Optional,NCIT:C49696,Permitted value(s),"The specific sex, either male, female, or mixed of the subject group being studied.",Pick a value from the pick list provided. Select both male and female values for mixed study group. ,Female [NCIT:C46110]
infection_status ,Optional,SNOMED:405009004,Permitted value(s),_,"Indicates the presence or absence of Plasmodium strain(s) in the hosts at the time of sample collection. This field is used to distinguish between infected and uninfected individuals, where such information is available. ",Infected population [IDO:0000511]
infectious_disease_control_strategy,Optional,APOLLO:SV_00000086,Permitted value(s),A plan specification whose objective specification is an infectious disease control objective specification.,The essential goal of an infectious disease control strategy is to protect the susceptible organisms in a population. Select value(s) from the pick-up list. One or more values can be selected if multiple control strategies are involved.,Chemoprophylaxis [IDOMAL:0000122] 
insecticide ,Optional,CHEBI:24852,"Permitted value(s), or Other (Free text)- multiselect",,"Use a standard insecticide name from the pick list provided. Insecticide class, e.g., organophosphates, pyrethroids”, can be used when exact name unknown. One or more values can be selected if multiple insecticides  are involved.",DDT [CHEBI:16130]
geo_loc_name(country),Required,GENEPIO:0001181,Permitted value,The country of origin of the sample.,Provide the country name from the pick list in the template.,South Africa [GAZ:00001094]
first-order_administrative_division,Required,ENVO_00000005,Free text (GAZ geography ontology),"A primary administrative division of a country, such as a state in the United States","Provide the name of the primary administrative subdivision (such as a province, state or territory) of the country where the sample originated, using official name from the GAZ (Gazetteer) geography ontology. Search for geography terms here: https://www.ebi.ac.uk/ols/ontologies/gaz",Western Cape
second-order_administrative_division,Optional,ENVO_00000006,Free text (GAZ geography ontology),A subdivision of a second-order administrative division,"Provide the name of the second-order administrative subdivision (such as a district) of the country where the sample originated, using official name from the GAZ (Gazetteer) geography ontology. Search for geography terms here: https://www.ebi.ac.uk/ols/ontologies/gaz",Cape Town
third-order_administrative_division,Optional,ENVO_00000007,Free text (GAZ geography ontology),A subdivision of a third-order administrative division,"Provide the name of the third-order administrative subdivision of a country, using official name from the GAZ (Gazetteer) geography ontology.",City of Cape Town Metropolitan Municipality
fourth-order_administrative_division,Optional,ENVO_00000008,Free text (GAZ geography ontology),A subdivision of a fourth-order administrative division,"Provide the name of the fourth-order administrative subdivision of a country, using official name from the GAZ (Gazetteer) geography ontology. Search for geography terms here: https://www.ebi.ac.uk/ols/ontologies/gaz",Mitchells Plain
sampling_site_ID,Optional,"GENEPIO:0100760
",Free text,The user-defined identifier assigned to the environmental location from which a specimen or sample is taken.,"Store the identifier for the site from which a sample was taken. The ""site"" is user defined .This could be a household, a river bank (for vector sampling), a health facility room, or any other location. Please use the same site ID for all samples from a given site, regardless of when these samples were taken. Any important changes in site location, should be represented with a new site ID. For privacy reasons, consult a data steward before sharing, or ensure the sampling site ID is coded, anonymized, or otherwise protected.","Groote Schuur Hospital (GSH) [DOI: 10.7196/samj.7904].
"
geo_loc_latitude ,Recommended,OBI:0001620,Alphanumeric,The latitude coordinates of the geographical location of sample collection.,"Provide latitude coordinates if available and if ethicly acceptable to share. Specify as degrees latitude in format ""d[d.dddd] N|S"".",38.98 N
geo_loc_longitude,Recommended,OBI:0001621,Alphanumeric,The longitude coordinates of the geographical location of sample collection.,"Provide longitude coordinates if available and if ethicly acceptable to share. Specify as degrees longitude in format ""d[dd.dddd] W|E"".",77.11 W
populated_area_type,Optional,GENEPIO:0100778,Permitted value(s).,A type of area that is populated by humans to different degrees.,Provide the populated area type from the pick list.,Urban [GSSO:011080]
proximity_to_vector_breeding_habitat,Optional,,Structured format,Shortest straight‑line (Euclidean) distance from the centre of point of infection (centre of the household) to the nearest identified breeding habitat.,"Provide the shortest straight-line distance from the centre of the point of infection to the nearest identified breeding habitat, in metres (m).",250 m
specimen_source_context,Optional,GENEPIO:0000027,Permitted value(s),"Describes the physical, environmental, and/or local geographical source of the biological sample from which the sample was derived.","Provide a descriptor of an environmental site. Use the pick list provided in the template. If a desired term is missing from the pick list, use this look-up service to identify a standardized term: https://www.ebi.ac.uk/ols/ontologies/envo. If not applicable, leave blank.",Hospital [ENVO:00002173]
entomological_inoculation_rate,Optional,IDOMAL:0000411,Structured format,Number of infectious mosquito bites per person per year.,Provide the entomological inoculation rate (EIR) as: X infectious bites/person/time unit (year). Example: 20 infectious bites/person/year.,20 infectious bites/person/year
parasite_prevalence,Optional,,Structured format,Percentage of population with malaria parasites. ,"Provide the percentage of population with malaria parasites, like Plasmodium falciparum parasite rate in children 2–10 years (PfPR2-10).  Example: PfPR2-10: 25%.",PfPR2-10: 25%.
endemicity,Optional,,Permitted value(s),The malaria transmission intensity where the sample was collected. ,Select a value from the pick list in the template.,Moderate/Mesoendemic
sample_collection_date,Required,GENEPIO:0001174,Structured format,The date on which the sample was collected. ,"Record the collection date accurately in the template. Required granularity includes year, month and day. Before sharing this data, ensure this date is not considered identifiable information. If this date is considered identifiable, it is acceptable to add ""jitter"" to the collection date by adding or subtracting calendar days. Do not change the collection date in your original records. Alternatively, ”received date” may be used as a substitute in the data you share. The date should be provided in ISO 8601 standard format ""YYYY-MM-DD"". ",14/04/2025
sample_collection_date_precision,Required,GENEPIO:0001177,Permitted value(s),"The precision to which the ""sample collection date"" was provided.","The precision to which the ""sample collection date"" was provided. Provide the precision of granularity to the """"day"""", """"month"""", or """"year"""" for the date provided in the """"sample collection date"""" field. The """"sample collection date"""" will be truncated to the precision specified upon export; """"day"""" for """"YYYY-MM-DD"""",""&"" """"month"""" for """"YYYY-MM"""", or """"year"""" for """"YYYY"""".",year [UO:0000036]
timepoint,Optional,NCIT:C68568,Free text,"A specific point in the time continuum, including those established relative to an event.","The timepoint should be recorded in a clear, structured format to reflect when the sample was collected in relation to study events or interventions. Acceptable formats include relative time markers such as Day 0, Day 7, or Day 28, or broader time frames like Week 1, Month 3, or Year 1. The coded timepoint should be  consistent across all samples within the study to support comparability and reliable longitudinal analysis.",Day 1
time_point_reference,Optional,NCIT:C82576,Free text,The point in time that acts as a fixed reference point to an event (sample collection timepoint). ,"Using such time point references helps position sample collection times within the overall study timeline, facilitting consistent comparison and analysis across all samples. A standardized, coded label such as treatment start or end date, after diagnosis date, or other key milestones including pre-treatment or post-treatment, should be used when recording the time point reference. ",After treatment start date.
sample_received_date,Optional,GENEPIO:0001179,Structured format,The date on which the sample was received for processing.,"The date the sample was received by a lab that was not the point of collection. ISO 8601 standard ""YYYY-MM-DD"".",20/03/2020 00:00
anatomical_material,Optional,GENEPIO:0001211,Permitted value(s),"A substance obtained from an anatomical part of an organism e.g. tissue, blood.","Provide a descriptor if an anatomical material was sampled. Use the pick list provided in the template. If a desired term is missing from the pick list, use this look-up service to identify a standardized term: https://www.ebi.ac.uk/ols/ontologies/uberon. If not applicable, leave blank.",Whole blood [NCIT:C41067]
anatomical_part,Optional,GENEPIO:0001214,Permitted value(s),An anatomical part of an organism e.g. oropharynx. ,"Provide a descriptor if an anatomical part was sampled. Use the pick list provided in the template. If a desired term is missing from the pick list, use this look-up service to identify a standardized term: https://www.ebi.ac.uk/ols/ontologies/uberon. If not applicable, leave blank.",Capillary blood [SNOMED:31675002]
body_product,Optional,GENEPIO:0001216,Permitted value(s),"A substance excreted/secreted from an organism e.g. feces, urine, sweat.","Provide a descriptor if a body product was sampled. Use the pick list provided in the template. If a desired term is missing from the pick list, use this look-up service to identify a standardized term: https://www.ebi.ac.uk/ols/ontologies/uberon. If not applicable, leave blank.",Feces [UBERON:0001988]
collection_method,Optional,GENEPIO:0001241,Permitted value(s),"The process used to collect the sample e.g. phlebotomy, necropsy.","Provide a descriptor if a collection method was used for sampling. Use the pick list provided in the template. If a desired term is missing from the pick list, use this look-up service to identify a standardized term: https://www.ebi.ac.uk/ols/ontologies/obi. If not applicable, leave blank.","Finger Prick [GENEPIO:0100036], Swabbing [GENEPIO:0002117]."
collection_protocol,Optional,GENEPIO:0001243,Free text,The name and version of a particular protocol used for sampling.,Provide the name and version of the protocol used to collect the samples.,Standard Operating Procedures (SOP) for Malaria Blood Specimens collections
collection_device,Optional,GENEPIO:0001234,Permitted value(s),The instrument or container used to collect the sample e.g. swab.,"Provide a descriptor if a collection device was used for sampling. Use the pick list provided in the template. If a desired term is missing from the pick list, use this look-up service to identify a standardized term: https://www.ebi.ac.uk/ols/ontologies/obi. If not applicable, leave blank.",Blood Collection Tube [OBI:0002859]
performing_laboratory,Optional,NCIT:C64206,Free text,A laboratory providing analyses of samples collected in clinical care or research. ,The laboratory that actually performed the test and that is also therefore the source of the data.,Centre Pasteur du Cameroun – Central Reference Laboratory
identified_by,Optional,NCIT:C164229,Free text,Indicates the person or authoritative body who made an identification. ,,Centre Pasteur du Cameroun – Central Reference Laboratory
specimen_processing,Recommended,GENEPIO:0001253,Permitted value(s),Any processing applied to the sample during or after receiving the sample. ,"Critical for interpreting data. Select all the applicable processes from the pick list. If parasite was passaged, include information in ""lab host"", ""passage number"", and ""passage method"" fields. If none of the processes in the pick list apply, put ""not applicable"".",Passage process [OBI:0002747]
lab_host,Optional,GENEPIO:0001255,Permitted value(s),Name and description of the laboratory host used to propagate the source organism or material from which the sample was obtained.,"Type of cell line used for propagation. Select a value form the pick list. If not passaged, put ""not applicable"".",Hep G2 cell [DIDEO:00000185]
passage_number,Optional,GENEPIO:0001261,Numeric,Number of passages.,"Provide number of known passages. If not passaged, put ""not applicable""",3
passage_method,Optional,GENEPIO:0001264,Free text,Description of how organism was passaged.,"Free text. Provide a short description. If not passaged, put ""not applicable"".","Culture of Plasmodium falciparum blood stages v1.0, WWARN Procedure, 2023. https://www.iddo.org/sites/default/files/publication/2023-09/inv01-culture-of-plasmodium-falciparum-blood-stages.pdf"
specimen_processing_details,Optional,GENEPIO:0100311,Free text,Detailed information regarding the processing applied to a sample during or after receiving the sample.,Provide a free text description of any processing details applied to a sample.,"Blood samples were mixed with a lysis buffer, filtered to remove debris, and the malaria antigen was purified using magnetic beads to enhance the detection sensitivity of rapid diagnostic tests down to very low parsite levels."
experimental_specimen_role_type,Optional,GENEPIO:0100921,Permitted value(s),The type of role that the sample represents in the experiment.,"Samples can play different types of roles in experiments. A sample under study in one experiment may act as a control or be a replicate of another sample in another experiment. This field is used to distinguish samples under study from controls, replicates, etc.  If the sample acted as an experimental control or a replicate, select a role type from the picklist. If the sample was not a control, leave blank or select ""Not Applicable"".",Positive experimental control [GENEPIO:0101018]
experimental_control_details,Optional,GENEPIO:0100922,Free text,The details regarding the experimental control contained in the sample.,"Provide details regarding the nature of the reference strain used as a control, or what is was used to monitor.","Positive control samples consisted of dried Plasmodium falciparum-infected blood collected from a patient with confirmed malaria infection (>200 parasites/μl). These samples were prepared, dried, and stored using a standardized protocol, then rehydrated with PBS-Tween 20 solution before use. The controls were tested repeatedly on rapid diagnostic test (RDT) kits over several days to validate lot-to-lot consistency and ensure reliable test performance."
diagnostic_procedure_of_malaria,Optional,IDOMAL:0000049,Permitted value(s),"A procedure used for the diagnosis of malaria, including the precise pathogen causing the disease.","A procedure used for the diagnosis of malaria, including the precise pathogen causing the disease. Select all diagnostic procedures employed for malaria diagnosis from the pick list provided in the template. ","HRP-2 detection method [IDOMAL:0000220], use of nucleic acid probe [IDOMAL:0000562]"
biomaterial_extracted,Optional,GENEPIO:0001266,Permitted value(s),The biomaterial extracted from samples for the purpose of sequencing.,Provide the biomaterial extracted from the pick list in the template.,RNA (Total) [OBI:0000895]
data_abstraction_details,Optional,GENEPIO:0100278,Free text,A description of how any data elements were altered to preserve patient privacy.,"If applicable, provide a description of how each data element was abstracted. ",Jitter added to publicly shared collection dates to prevent re-identifiability.
biospecimen_storage,Optional,NCIT:C179748,Free text,"The act, process and logistical considerations of the physical or environmental conditions under which the biological sample is maintained. https://www.ebi.ac.uk/ols4/ontologies/ncit/classes/http%253A%252F%252Fpurl.obolibrary.org%252Fobo%252FNCIT_C179748 ",,Blood samples for molecular tests like PCR stored at -20°C or lower. 
biospecimen_processing_date,Optional,NCIT:C178874,Structured format,The date that a biospecimen was processed.,"Provide the sample processed date in ISO 8601 format, i.e. ""YYYY-MM-DD"". The sample may be collected and processed (e.g. filtered, extraction) on the same day, or on different dates.",22/04/2025 00:00
isolated_by,Optional,GENEPIO:0100461,Free text,"The name of the agency, organization or institution with which the individual who performed the isolation procedure is affiliated.","Provide the name of the agency, organization or institution that isolated the original isolate in full (avoid abbreviations). If the information is unknown or cannot be provided, leave blank or provide a null value.",NICD Molecular Diagnostics Lab
isolated_by_laboratory_name,Optional,GENEPIO:0100462,Free text,The specific laboratory affiliation of the individual who performed the isolation procedure.,"Provide the name of the specific laboratory that isolated the original isolate (avoid abbreviations). If the information is unknown or cannot be provided, leave blank or provide a null value.",National Institute for Communicable Diseases (NICD)
isolated_by_contact_name,Optional,GENEPIO:0100463,Free text,The name or title of the contact responsible for follow-up regarding the isolate.,"Provide the name of an individual or their job title. As personnel turnover may render the contact's name obsolete, it is prefereable to provide a job title for ensuring accuracy of information and institutional memory. If the information is unknown or cannot be provided, leave blank or provide a null value.",Dr. Givemore Munhenga
isolated_by_contact_email,Optional,GENEPIO:0100464,Free text,The email address of the contact responsible for follow-up regarding the isolate.,"Provide the email associated with the listed contact. As personnel turnover may render an individual's email obsolete, it is more prefereable to provide an address for a position or lab, to ensure accuracy of information and institutional memory. If the information is unknown or cannot be provided, leave blank or provide a null value.",givemorem@nicd.ac.za
isolation_date,Optional,GENEPIO:0100465,Structured format,The date on which the isolate was isolated from a sample.,"Provide the date according to the ISO 8601 standard ""YYYY-MM-DD"", ""YYYY-MM"" or ""YYYY"".",15/07/1905 00:00
isolate_received_date,Optional,GENEPIO:0100466,Structured format,The date on which the isolate was received by the laboratory.,"Provide the date according to the ISO 8601 standard ""YYYY-MM-DD"", ""YYYY-MM"" or ""YYYY"".",15/07/1905 00:00
isolate_ID,Recommended,GENEPIO:0100456,Alphanumeric ,"The user-defined identifier for the isolate, as provided by the laboratory that originally isolated the isolate.","Provide the isolate_ID created by the lab that first isolated the isolate (i.e. the original isolate ID). If the information is unknown or cannot be provided, leave blank or provide a null value. If only an alternate isolate ID is known (e.g. the ID from your lab, if your lab did not isolate the isolate from the original sample), make sure to include it in the alternative_isolate_ID field. ",NICD-2025-MAL-00123
alternative_isolate_ID,Optional,GENEPIO:0100457,Alphanumeric ,An alternative isolate_ID assigned to the isolate by another organization.,"Alternative isolate IDs should be provided in a prescribed format which consists of the ID followed by square brackets (no space in between the ID and bracket) containing the short form of ID provider’s agency name i.e. ID[short organization code]. An example of a properly formatted alternative_isolate_identifier would be e.g. XYZ4567[CFIA]. Multiple alternative isolate IDs can be provided, separated by semi-colons.",PCR-SSU-2025-00123
progen_isolate_ID,Optional,GENEPIO:0100458,Alphanumeric ,The identifier assigned to a progenitor isolate derived from an isolate that was directly obtained from a sample.,"If your sequence data pertains to progeny of an original isolate, provide the progeny isolate identifier.",NF54
organism,Required,GENEPIO:0001191,Permitted value(s),Taxonomic name of the organism.,"Select the ""Plasmodium"" species from the picklist . If another Plasmodium species is being sequenced, provide the taxonomic name from NCBITaxon. Search for taxonomy terms at https://www.ebi.ac.uk/ols/ontologies/ncbitaxon.  ",Plasmodium falciparum [NCBITaxon:5833]
parasite_strain,Recommended,EUPATH:0000761,NCBITaxon:strain,"A parasite that is bred to have some uniform behavioral, morphological, physiological, or genetic characteristics with similarly bred parasite organisms. A strain of a species. https://www.ebi.ac.uk/ols4/ontologies/ncbitaxon/classes/http%253A%252F%252Fpurl.obolibrary.org%252Fobo%252FNCBITaxon_strain ","If the isolate represents or is derived from, a lab reference strain or strain from a type culture collection, provide the strain identifier.",Plasmodium knowlesi strain H (NCBITaxon:5851)
substrain,Optional,NCIT:C117456,NCBITaxon,A further sub-classification of the organism strain.   ,,Plasmodium knowlesi A1-H.1 substrain
genotype,Optional,OBI:0001305,Free text,"A genetic characteristics information that is about the genetic material of an organism and minimally includes information about the genetic background and can in addition contain information about specific alleles, genetic modifications, etc.","Genotype information can be: Mus musculus wild type (in this case the genetic population background information is Mus musculus), C57BL/6J Hnf1a+/- (in this case, C57BL/6J is the genetic population background information and Hnf1a+/- is the allele information. ","Plasmodium knowlesi Kelch13 mutation, "
phenotype,Optional,NCIT:C16977,Permitted value(s),The assemblage of traits or outward appearance of an individual. It is the product of interactions between genes and the environment.,The observable characteristics in an individual resulting from the expression of genes; the clinical presentation of an individual with a particular genotype. ,Resistance to drug  [IDO:0000445]
host_taxid,Optional,NCBITaxon,Alphanumeric,"NCBI Taxon id of the host, e.g., 9606",,9606
host_subject_ID ,Required,GENEPIO:0001398,Alphanumeric,A unique identifier by which each host can be referred to.,"Should be a unique, user-defined identifier. This ID can help link laboratory data with epidemiological data, however, is likely sensitive information. Consult the data steward. Required if we have multiple samples from the same host, e.g., TES. If only one sample is collected, this is recorded under ""specimen_collector_sample ID"" field, put ""Not Applicable [GENEPIO:0001619]"". ",BCxy123
host(common_name),Optional,GENEPIO:0001386,Permitted value(s),The commonly used name of the host.,"Common name or scientific name are required if there was a host. Common name examples e.g. human, bat. Select a value from the pick list. If the sample was environmental, put ""not applicable"".",Human [NCBITaxon:9606]
host(scientific_name),Required,GENEPIO:0001387,Permitted value(s),"The taxonomic, or scientific name of the host.","Common name or scientific name are required if there was a host. Scientific name examples e.g. Homo sapiens. Select a value from the pick list. If the sample was environmental, put ""not applicable"".",Homo sapiens [NCBITaxon:9606]
host_age,Recommended,GENEPIO:0001392,Numeric,Age of host at the time of sampling.,"If known, provide age. Age-binning is also acceptable.",79
host_age_unit,Recommended,GENEPIO:0001393,Permitted value(s),The units used to measure the host's age.,"If known, provide the age units used to measure the host's age from the pick list.",years [UO:0000036]
host_age_bin,Recommended,GENEPIO:0001394,Permitted value(s),The age category of the host at the time of sampling.,"Age bins in 10 year intervals have been provided. If a host's age cannot be specified due to provacy concerns, an age bin can be used as an alternative. ",50 - 59 [GENEPIO:0100054]
host_sex,Recommended,GENEPIO:0000031,Permitted value(s),"A subject sex is the phenotypic sex of given subject (human or animal) related to a given investigation, study, and/or specimen.","If known, select a value from the pick list.",Male [NCIT:C46109]
quality_of_host,Optional,IDOMAL:0000346,Permitted value(s),A quality which refers to the host.,The description of the specific individual from which this sample was obtained. Select a value from the pick list.,immunodeficiency [IDOMAL:0000024]
host_health_state,Optional,GENEPIO:0001388,Permitted value(s),Describes the health status of the host at the time of sample collection. ,"If known, select a value from the pick list.",Asymptomatic [NCIT:C3833]
host_health_status_details,Optional,GENEPIO:0001389,Permitted value(s),Further details pertaining to the health or disease status of the host at time of collection.,"If known, select a value from the pick list.",Hospitalized (ICU) [GENEPIO:0100046]
host_disease,Recommended,GENEPIO:0001391,Permitted value(s),The name of the disease experienced by the host.,"This field is only required if there was a host. If the host was a human select the disease  from the pick list. If the host was asymptomatic, this can be recorded under “host health state details”.  If the host is not human, and the disease state is not known or the host appears healthy, put “not applicable”.",cerebral malaria [EFO:0006857]
host_health_outcome,Optional,GENEPIO:0001390,Permitted value(s),Disease outcome in the host.,"If known, select a value from the pick list.",Recovered [NCIT:C49498]
host_residence_geo_loc_name(country),Optional,GENEPIO:0001396,Permitted value,The country where the host resides.,"If known, select a value from the pick list.",South Africa [GAZ:00001094]
symptom_onset_date,Optional,GENEPIO:0001399,Structured format,The date on which the symptoms began or were first noted.,"If known, provide the symptom onset date in ISO 8601 standard format ""YYYY-MM-DD"".",16/03/2020 00:00
signs_and_symptoms,Optional,GENEPIO:0001400,Permitted value(s),"A perceived change in function or sensation, (loss, disturbance or appearance) indicative of a disease, reported by a patient.",Select all of the symptoms experienced by the host from the pick list.,"Fever [SYMP:0000613], Headache [SYMP:0000504], Shivering [IDOMAL:0000398]."
pre-existing_conditions_and_risk_factors,Optional,GENEPIO:0001401,Permitted value(s),"Patient pre-existing conditions and risk factors.
Pre-existing condition: A medical condition that existed prior to the current infection.
Risk Factor: A variable associated with an increased risk of disease or infection.","Select all of the pre-existing conditions and risk factors experienced by the host from the pick list. If the desired term is missing, contact the curation team.",   Asthma [HP:0002099]
complications,Optional,GENEPIO:0001402,Permitted value(s),Patient medical complications that are believed to have occurred as a result of host disease.,Select all of the complications experienced by the host from the pick list. ,Acute respiratory failure [MONDO:0001208]
general_therapeutic_procedure,Optional,IDOMAL:0001283,Permitted value(s),A general therapeutic procedure applied for malaria.,,chemotherapy of malaria [IDOMAL:0000050]
antimalarials,Optional,mesh:D000962,Permitted value(s),"Agents used in the treatment of malaria. They are usually classified on the basis of their action against plasmodia at different stages in their life cycle in the human. (From AMA, Drug Evaluations Annual, 1992, p1585).",Select all antimalarial agents used during the therapeutic course from the pick list provided in the template. ,Chloroquine [NCIT:C61671]
host_vaccination_status,Optional,GENEPIO:0001404,Permitted value(s),"The vaccination status of the host (fully vaccinated, partially vaccinated, or not vaccinated).",Select the vaccination status of the host from the pick list.,Fully Vaccinated [GENEPIO:0100100]
vaccine_name,Optional,GENEPIO:0001405,Permitted value(s),The name of the vaccine(s) administered.,"Select all vaccine names from the pick list provided in the template. If the vaccine name is missing, select ""Other"" and provide the scientific/research name of the vaccine followed by the name of the manufacturer, separated by a comma. If an individual received doses of different vaccines, provide the information in the order received, separated by a semicolons. ","RTS,S (Mosquirx), GlaxoSmithKline (GSK) and partners"
number_of_vaccine_doses_received,Optional,GENEPIO:0001406,Numeric,The number of doses of the vaccine received by the host.,Record how many doses of the vaccine the host has received.,2
vaccination_date_dose_1,Optional,GENEPIO:0100314,Structured format,A host data field which describes the date the first dose of a vaccine was administered.,"Provide the date that the first dose of the vaccine was administered. Provide the first dose vaccination date in ISO 8601 standard format ""YYYY-MM-DD"".",26/02/2021 00:00
vaccination_date_dose_2,Optional,GENEPIO:0100316,Structured format,A host data field which describes the date the second dose of a vaccine was administered.,Provide the date the second dose of malaria vaccine was administered. The date should be provided in ISO 8601 standard format 'YYYY-MM-DD'.,27/08/2021 00:00
vaccination_date_dose_3,Optional,GENEPIO:0100318,Structured format,A host data field which describes the date the third dose of a vaccine was administered.,Provide the date the third dose of malaria vaccine was administered. The date should be provided in ISO 8601 standard format 'YYYY-MM-DD'.,28/02/2022 00:00
vaccination_date_dose_4,Optional,GENEPIO:0100320,Structured format,A host data field which describes the date the fourth dose of a vaccine was administered.,Provide the date the fourth dose of malaria vaccine was administered. The date should be provided in ISO 8601 standard format 'YYYY-MM-DD'.,01/08/2022 00:00
location_of_exposure_geo_loc_name(country),Optional,GENEPIO:0001410,Permitted value(s),The country where the host was likely exposed to the causative agent of the illness.,"This location pertains to the country the host was believed to be exposed, and may not be the same as the host's country of residence. If known, provide the country name from the pick list.",South Africa [GAZ:00001094]
destination_of_most_recent_travel(city),Optional,GENEPIO:0001411,Free text (GAZ geography ontology),The name of the city that was the destination of most recent travel.,Provide the name of the city that the host travelled to. Use this look-up service to identify the standardized term: https://www.ebi.ac.uk/ols/ontologies/gaz,New York City [GAZ:00003147]
destination_of_most_recent_travel(state/province/territory),Optional,GENEPIO:0001412,Free text (GAZ geography ontology),The name of the province that was the destination of most recent travel.,Provide the name of the state/province/territory that the host travelled to. Use this look-up service to identify the standardized term: https://www.ebi.ac.uk/ols/ontologies/gaz,Limpopo Province [GAZ:00002814]
destination_of_most_recent_travel(country),Optional,GENEPIO:0001413,Permitted value(s),The name of the country that was the destination of most recent travel.,Provide the name of the country that the host travelled to. Use this look-up service to identify the standardized term: https://www.ebi.ac.uk/ols/ontologies/gaz,United Kingdom [GAZ:00002637]
most_recent_travel_departure_date,Optional,GENEPIO:0001414,Structured format,The date of a person's most recent departure from their primary residence (at that time) on a journey to one or more other locations.," Provide the travel departure date in ISO 8601 standard format ""YYYY-MM-DD"".",16/03/2020 00:00
most_recent_travel_return_date,Optional,GENEPIO:0001415,Structured format,The date of a person's most recent return to some residence from a journey originating at that residence.,"Provide the travel return date in ISO 8601 standard format ""YYYY-MM-DD"".",26/04/2020 00:00
travel_history,Optional,GENEPIO:0001416,Free text,Travel history in last six months.,Specify the countries (and more granular locations if known) travelled in the last six months; can include multiple travels. Separate multiple travel events with a semicolon. Provide as free text.,"Canada, Vancouver; USA, Seattle; Italy, Milan."
exposure_duration,Optional,NCIT:C83280,Free text,The period of time from start to finish of an exposure. ,Duration for which the subject was exposed to a mosquito-infested environment.,7 day
exposure_event,Optional,GENEPIO:0001417,Permitted value(s),Event leading to exposure.,"If known, select the exposure event from the pick list.",Mass Gathering [GENEPIO:0100237]
exposure_contact_level,Optional,GENEPIO:0001418,Permitted value(s),The exposure transmission contact type.,Select direct or indirect exposure from the pick list.,Mother-to-child transmission [TRANS:0000006]
host_role,Optional,GENEPIO:0001419,Permitted value(s),The role of the host in relation to the exposure setting.,"Select the host's personal role(s) from the pick list provided in the template. If the desired term is missing, contact the curation team.",Patient [OMRSE:00000030]
exposure_setting,Optional,GENEPIO:0001428,Permitted value(s),The setting leading to exposure.,"Select the host exposure setting(s) from the pick list provided in the template. If a desired term is missing, contact the curation team.",Healthcare Setting [GENEPIO:0100201]
exposure_details,Optional,GENEPIO:0001431,Free text,Additional host exposure information.,Free text description of the exposure.,Host role - Other: Bus Driver
prior_infection,Optional,GENEPIO:0100638,Permitted value(s),A data field which describes prior infection information of a host organism.,"A data field which describes prior infection information of a host organism. If known, provide infromation about whether the individual had a previous malaria infection. Select a value from the pick list.",Prior infection [GENEPIO:0100234]
prior_malaria_infection_isolate_ID,Optional,,Alphanumeric,A data field that describes the identifier of the isolate found in the prior malaria infection.,Provide the isolate name of the most recent prior infection. ,NICD-2024-MAL-0453
prior_malaria_infection_parasite,Optional,,Permitted value(s),A data field that describes the species of Plasmodium responsible for a prior malaria infection.,"Select the ""Plasmodium"" species from the picklist . If another Plasmodium species is being sequenced, provide the taxonomic name from NCBITaxon. Search for taxonomy terms at https://www.ebi.ac.uk/ols/ontologies/ncbitaxon.  ",Plasmodium falciparum [NCBITaxon:5833]
prior_malaria_infection_date,Optional,,Structured format,The date of diagnosis of the prior malaria infection.,"Provide the date that the most recent prior infection was diagnosed. Provide the prior malaria infection date in ISO 8601 standard format ""YYYY-MM-DD"".",22/01/2021 00:00
prior_antimalarial_treatment,Optional,,Permitted value(s),A data field that describes whether there was prior antimalarial treatment with an antimalarial agent.,"If known, provide infromation about whether the individual had a previous antimalarial treatment. Select a value from the pick list.",Prior antimalarial treatment [x]
prior_antibiotic_treatment_during_prior_malaria_infection,Optional,,Free text,A data field which describes the antibiotic treatment for any infection during the prior malaria infection period.,Provide a description of any antibiotic treatment administered (not including malaria treatment) during the prior malaria  infection period. This field is meant to capture concurrent treatment information. ,AZT was administered for HIV infection during the prior malaria infection.
prior_antimalarial_agent,Optional,,Permitted value(s),A data field which describes the name of the antimalarial agent administered during the prior malarial infection.,"Provide the name of the antimalarial agent administered during the most recent prior infection. If no treatment was administered, put ""No treatment"". If multiple antiviral agents were administered, list them all separated by commas.",Chloroquine [NCIT:C61671]
prior_antimalarial_treatment_date,Optional,,Structured format,A data field which describeds the date treatment was first administered during the prior malaria infection.,"Provide the date that the antimalarial agent was first administered during the most recenrt prior infection. Provide the prior antimalarial treatment date in ISO 8601 standard format ""YYYY-MM-DD"".",28/01/2021 00:00
sequencing_project_name,Optional,GENEPIO:0100472,Free text,The name of the project/initiative/program for which sequencing was performed., ,Pf8 Genomic Surveillance Project
sequenced_by,Required,GENEPIO:0100416,Free text,"A data field which describes the name of the agency, organization or institution responsible for sequencing the isolate's genome.","The name of the agency should be written out in full, (with minor exceptions) and be consistent across multiple submissions. If submitting specimens rather than sequencing data, please put the National Microbiology Laboratory (NML).","West African Centre for Cell Biology of Infectious Pathogens, Accra, Ghana"
sequenced_by_laboratory_name,Optional,GENEPIO:0100470,Free text,The specific laboratory affiliation of the responsible for sequencing the isolate's genome.,"Provide the name of the specific laboratory that performed the sequencing in full (avoid abbreviations). If the information is unknown or cannot be provided, leave blank or provide a null value.","West African Centre for Cell Biology of Infectious Pathogens (WACCBIP) Sequencing Lab, Ghana"
sequenced_by_contact_name,Optional,GENEPIO:0100471,Free text,The name or title of the contact responsible for follow-up regarding the sequence.,"Provide the name of an individual or their job title. As personnel turnover may render the contact's name obsolete, it is more prefereable to provide a job title for ensuring accuracy of information and institutional memory. If the information is unknown or cannot be provided, leave blank or provide a null value.",Dr. Collins Baraka
sequenced_by_contact_email,Optional,GENEPIO:0100422,Free text,The email address of the contact responsible for follow-up regarding the sequence.,"The email address can represent a specific individual or lab e.g. johnnyblogs@lab.ca, or RespLab@lab.ca",afrgocom@who.int
sequenced_by_contact_address,Optional,GENEPIO:0100423,Structured format,The mailing address of the agency submitting the sequence.,"The mailing address should be in the format: Street number and name, City, State/Province/Region, Postal Code/Zip Code, Country.","Cité du Djoué, Brazzaville, P.O.Box 06, Republic of Congo"
sequence_submitted_by,Required,GENEPIO:0001159,Free text,A data field which describes the name of the agency that submitted the sequence to a database.,"The name of the agency should be written out in full, (with minor exceptions) and be consistent across multiple submissions.",NICD Johannesburg Genomic Surveillance Team
sequence_submitter_contact_email,Optional,GENEPIO:0001165,Free text,The email address of the contact responsible for follow-up regarding the sequence.,The email address can represent a specific individual or laboratory.,afrgocom@who.int
sequence_submitter_contact_address,Optional,GENEPIO:0001167,Structured format,The mailing address of the agency submitting the sequence.,"The mailing address should be in the format: Street number and name, City, State/Province/Region, Postal Code/Zip Code, Country.","Cité du Djoué, Brazzaville, P.O.Box 06, Republic of Congo"
purpose_of_sequencing,Required,GENEPIO:0001445,Permitted value(s),The reason that the sample was sequenced.,"The reason why a sample was originally collected may differ from the reason why it was selected for sequencing. The reason a sample was sequenced may provide information about potential biases in sequencing strategy. Provide the purpose of sequencing from the picklist in the template. The reason for sample collection should be indicated in the ""purpose of sampling"" field. ",Baseline surveillance (random sampling) [GENEPIO:0100005]
purpose_of_sequencing_details,Optional,GENEPIO:0001446,Free text,The description of why the sample was sequenced providing specific details.,Provide an expanded description of why the sample was sequenced. The description may include the importance of the sequences for a particular public health investigation/surveillance activity/research question.,Genomic surveillance to track antimalarial drug resistance markers and monitor parasite evolution and spread in populations.
nucleic_acid_extraction_method,Optional,NCIT:C177560,Free text,Any procedure used to purify nucleic acids (DNA or RNA) from a biological sample.,Briefly describe the extraction method used.,Isotachophoresis (ITP)
nucleic_acid_extraction_kit,Optional,GENEPIO:0100772,Free text,A data field which describes the kit used to extract genomic material from a sample,Provide the name of the genomic extraction kit used.,Qiagen QIAamp DNA Blood Mini Kit
nucleic_acid_extraction_date,Optional,,Structured format,A time measurement datum that specifies when some material was extracted from an input material.,"Provide the date in ISO 8601 standard format ""YYYY-MM-DD"".",15/02/2026 00:00
nucleic_acid_quality_control,Optional,,Free text,Describe any step taken to ensure quality control.,,"gel electrophoresis, nanodrop, qubit fluorometer, tapestation."
genomic_target_enrichment_method,Recommended,GENEPIO:0100966,Permitted value(s),The molecular technique used to selectively capture and amplify specific regions of interest from a genome.,Provide the name of the enrichment method,hybrid selection method  [GENEPIO:0001950]
genomic_target_enrichment_method_details,Optional,GENEPIO:0100967,Free text,Details that provide additional context to the molecular technique used to selectively capture and amplify specific regions of interest from a genome.,Provide details that are applicable to the method you used.,Enrichment was done using Illumina Target Enrichment methodology with the Illumina DNA Prep with enrichment kit.
amplicon_pcr_primer_scheme,Optional,GENEPIO:0001456,Free text,"The specifications of the primers (primer sequences, binding positions, fragment size generated, etc) used to generate the amplicons to be sequenced.",Provide the name and version of the primer scheme used to generate the amplicons for sequencing.,MalariaGEN amplicon toolkit 
amplicon_size,Optional,GENEPIO:0001449,Alphanumeric,The length of the amplicon generated by PCR amplification.,"The length of the amplicon generated by PCR amplification. Provide the amplicon size, including the units.",300bp
library_ID,Optional,GENEPIO:0001448,Alphanumeric,The user-specified identifier for the library prepared for sequencing.,"The library name should be unique, and can be an autogenerated ID from your LIMS, or modification of the isolate ID.",XYZ_123345
DNA_fragment_length,Optional,GENEPIO:0100843,Numeric,The length of the DNA fragment generated by mechanical shearing or enzymatic digestion for the purposes of library preparation.,The length of the DNA fragment generated by mechanical shearing or enzymatic digestion for the purposes of library preparation. Provide the fragment length in base pairs (do not include the units).,400
library_preparation_kit,Optional,GENEPIO:0001450,Free text,The name of the DNA library preparation kit used to generate the library being sequenced.,The name of the DNA library preparation kit used to generate the library being sequenced. Provide the name of the library preparation kit used.,Nextera XT
flow_cell_barcode,Optional,GENEPIO:0001451,Alphanumeric,The barcode of the flow cell used for sequencing.,Provide the barcode of the flow cell used for sequencing the sample.,FAB06069
sequencing_assay_type,Optional,GENEPIO:0100997,Permitted value(s),The overarching sequencing methodology that was used to determine the sequence of a biomaterial.,"Example Guidance: Provide the name of the DNA or RNA sequencing technology used in your study. If unsure refer to the protocol documentation, or provide a null value.",whole genome sequencing assay [OBI:0002117]
sequencing_instrument,Required,GENEPIO:0001452,Permitted value(s),The model of the sequencing instrument used.,Select the sequencing instrument from the pick list.,   Oxford Nanopore MinION [GENEPIO:0100142]
sequencing_protocol_name,Recommended,GENEPIO:0001453,Free text,The name and version number of the sequencing protocol used.,Provide the name and version of the sequencing protocol.,"1D_DNA_MinION, ARTIC Network Protocol V3"
sequencing_protocol,Optional,GENEPIO:0001454,Free text,The protocol used to generate the sequence.,"Provide a free text description of the methods and materials used to generate the sequence. Suggested text, fill in information where indicated.: ""Parasite sequencing was performed following a tiling amplicon strategy using the <fill in> primer scheme. Sequencing was performed using a <fill in> sequencing instrument. Libraries were prepared using <fill in> library kit. ""","Targeted amplicon deep sequencing (TADS) like the MaRS protocol deployed by CDC: involves PCR enrichment of drug resistance genes followed by Illumina MiSeq sequencing, data analysis, and SNP detection. This protocol was validated to monitor molecular markers in malaria parasites."
sequencing_flow_cell_version,Optional,GENEPIO:0101102,Alphanumeric,The version number of the flow cell used for generating sequence data.,"Flow cells can vary in terms of design, chemistry, capacity, etc. The version of the flow cell used to generate sequence data can affect sequence quantity and quality. Record the version of the flow cell used to generate sequence data. Do not include ""version"" or ""v"" in the version number.",R.9.4.1
sequencing_kit_number,Optional,GENEPIO:0001455,Alphanumeric,The manufacturer's kit number.,Alphanumeric value.,SQK-LSK114
sequencing_date,Optional,GENEPIO:0001447,Structured format,The date the sample was sequenced.,"Provide the date in ISO 8601 standard format ""YYYY-MM-DD"".",23/11/2025 00:00
quality_control_method_name,Optional,GENEPIO:0100557,Free text,The name of the method used to assess whether a sequence passed a predetermined quality control threshold.,Providing the name of the method used for quality control is very important for interpreting the rest of the QC information. Method names can be provided as the name of a pipeline or a link to a GitHub repository. Multiple methods should be listed and separated by a semi-colon. Do not include QC tags in other fields if no method name is provided.,Malaria-Profiler
quality_control_method_version,Optional,GENEPIO:0100558,Alphanumeric,The version number of the method used to assess whether a sequence passed a predetermined quality control threshold.,"Methods updates can make big differences to their outputs. Provide the version of the method used for quality control. The version can be expressed using whatever convention the developer implements (e.g. date, semantic versioning). If multiple methods were used, record the version numbers in the same order as the method names. Separate the version numbers using a semi-colon.",1.4.3
quality_control_determination,Optional,GENEPIO:0100559,Permitted value(s),A data field which describes the determination of a quality control assessment.,,sequence failed quality control [GENEPIO:0100564]
quality_control_issues,Optional,GENEPIO:0100560,Permitted value(s),"A data field which describes the reason contributing to, or causing, a low quality determination in a quality control assessment.",,low average genome coverage [GENEPIO:0100570]
quality_control_details,Optional,GENEPIO:0100561,Free text,The details surrounding a low quality determination in a quality control assessment.,Provide notes or details regarding QC results using free text.,CT value of 39. Low parasite load. Low DNA concentration after amplification.
raw_sequence_data_processing_method,Recommended,GENEPIO:0001458,Alphanumeric,"The method used for raw data processing such as removing barcodes, adapter trimming, filtering etc.",Provide the name and version numbers of the software used to process the raw data.,Porechop 0.2.3
dehosting_method,Recommended,GENEPIO:0001459,Free text,The method used to remove host reads from the pathogen sequence.,Provide the name and version number of the software used to remove host reads.,Nanostripper
deduplication_method,Optional,GENEPIO:0100831,Free text,The method used to remove duplicated reads in a sequence read dataset.,"Provide the deduplication software name followed by the version, or a link to a tool or method.",DeDup 0.12.8
consensus_sequence_name,Optional,GENEPIO:0001460,Free text,The name of the consensus sequence.,Provide the name and version number of the consensus sequence.,ncov123assembly3
consensus_sequence_filename,Optional,GENEPIO:0001461,Free text,The name of the consensus sequence file.,Provide the name and version number of the consensus sequence FASTA file.,ncov123assembly.fasta
consensus_sequence_filepath,Optional,GENEPIO:0001462,Free text,The filepath of the consesnsus sequence file.,Provide the filepath of the consensus sequence FASTA file.,/User/Documents/RespLab/Data/ncov123assembly.fasta
genome_sequence_file_name,Optional,GENEPIO:0101715,Free text,The name of the consensus sequence file.,"Provide the name and version number, with the file extension, of the processed genome sequence file e.g. a consensus sequence FASTA file or a genome assembly file.",malariapassembly.fasta
genome_sequence_file_path,Optional,GENEPIO:0101716,Free text,The filepath of the consensus sequence file.,Provide the filepath of the genome sequence FASTA file.,/User/Documents/ViralLab/Data/malariapassembly.fasta
consensus_sequence_software_name,Optional,GENEPIO:0001463,Free text,The name of software used to generate the consensus sequence.,Provide the name of the software used to generate the consensus sequence.,Ivar
consensus_sequence_software_version,Optional,GENEPIO:0001469,Free text,The version of the software used to generate the consensus sequence.,Provide the version of the software used to generate the consensus sequence.,1.3
sequence_assembly_software_name,Optional,GENEPIO:0100825,Free text,The name of the software used to assemble a sequence.,Provide the name of the software used to assemble the sequence.,"SPAdes Genome Assembler, Canu, wtdbg2, velvet"
sequence_assembly_software_version,Optional,GENEPIO:0100826,Alphanumeric,The version of the software used to assemble a sequence.,Provide the version of the software used to assemble the sequence.,3.15.5
r1_fastq_filename,Optional,GENEPIO:0001476,Free text,The user-specified filename of the r1 FASTQ file.,Provide the r1 FASTQ filename.,ABC123_S1_L001_R1_001.fastq.gz
r2_fastq_filename,Optional,GENEPIO:0001477,Free text,The user-specified filename of the r2 FASTQ file.,Provide the r2 FASTQ filename.,ABC123_S1_L001_R2_001.fastq.gz
r1_fastq_filepath,Optional,GENEPIO:0001478,Free text,The filepath of the r1 FASTQ file.,Provide the filepath of the r1 FASTQ file.,/User/Documents/RespLab/Data/ABC123_S1_L001_R1_001.fastq.gz
r2_fastq_filepath,Optional,GENEPIO:0001479,Free text,The filepath of the r2 FASTQ file.,Provide the filepath of the r2 FASTQ file.,/User/Documents/RespLab/Data/ABC123_S1_L001_R2_001.fastq.gz
fast5_filename,Optional,GENEPIO:0001480,Free text,The user-specified filename of the FAST5 file.,Provide the FAST5 filename.,batch1a_sequences.fast5
fast5_filepath,Optional,GENEPIO:0001481,Free text,The filepath of the FAST5 file.,Provide the filepath of the FAST5 file.,/User/Documents/RespLab/Data/rona123assembly.fast5
number_of_total_reads,Optional,GENEPIO:0100827,Numeric,The total number of non-unique reads generated by the sequencing process.,Provide a numerical value (no need to include units).,423867
number_of_unique_reads,Optional,GENEPIO:0100828,Numeric,The number of unique reads generated by the sequencing process.,Provide a numerical value (no need to include units).,248236
minimum_post-trimming_read_length,Optional,GENEPIO:0100829,Numeric,The threshold used as a cut-off for the minimum length of a read after trimming.,Provide a numerical value (no need to include units).,150
breadth_of_coverage_value,Optional,GENEPIO:0001472,Alphanumeric,"The percentage of the reference genome covered by the sequenced data, to a prescribed depth.",Provide value as a percent.,0.95
depth_of_coverage_value,Optional,GENEPIO:0001474,Alphanumeric,The average number of reads representing a given nucleotide in the reconstructed sequence.,Provide value as a fold of coverage.,400x
depth_of_coverage_threshold,Optional,GENEPIO:0001475,Alphanumeric,The threshold used as a cut-off for the depth of coverage.,Provide the threshold fold coverage.,100x
number_of_base_pairs_sequenced,Optional,GENEPIO:0001482,Numeric,The number of total base pairs generated by the sequencing process.,Provide a numerical value (no need to include units).,387566
consensus_genome_length,Optional,GENEPIO:0001483,Numeric,Size of the assembled genome described as the number of base pairs.,Provide a numerical value (no need to include units).,38677
sequence_assembly_length,Optional,GENEPIO:0100846,Numeric,The length of the genome generated by assembling reads using a scaffold or by reference-based mapping.,Provide a numerical value (no need to include units).,34272
number_of_contigs,Optional,GENEPIO:0100937,Numeric,The number of contigs (contiguous sequences) in a sequence assembly.,Provide a numerical value.,10
genome_completeness,Optional,GENEPIO:0100844,Numeric,The percentage of expected genes identified in the genome being sequenced. Missing genes indicate missing genomic regions (incompleteness) in the data.,Provide the genome completeness as a percent (no need to include units).,85
N50,Optional,GENEPIO:0100938,Numeric,"The length of the shortest read that, together with other reads, represents at least 50% of the nucleotides in a set of sequences.",Provide the N50 value in Mb.,150
percent_Ns_across_total_genome_length,Optional,GENEPIO:0100830,Numeric,The percentage of the assembly that consists of ambiguous bases (Ns).,Provide a numerical value (no need to include units).,2
Ns_per_100_kbp,Optional,GENEPIO:0001484,Numeric,"The number of N symbols present in the consensus fasta sequence, per 100kbp of sequence.","The number of N symbols present in the consensus fasta sequence, per 100kbp of sequence. Provide a numerical value (no need to include units).",300
reference_genome_accession,Optional,GENEPIO:0001485,Alphanumeric,"A persistent, unique identifier of a genome database entry.",Provide the accession number of the reference genome.,Plasmodium falciparum 3D7 (Pf3D7) [NCBITaxon:36329]
bioinformatics_protocol,Optional,GENEPIO:0001489,Free text,The name and version number of the bioinformatics protocol used.,"Further details regarding the methods used to process raw data, and/or generate assemblies, and/or generate consensus sequences can be provided in an SOP or protocol. Provide the name and version number of the protocol, or a link if deposited in a protocol repository.",https://www.ncbi.nlm.nih.gov/pmc/articles/PMC5913988/
read_mapping_software_name,Recommended,GENEPIO:0100832,Free text,The name of the software used to map sequence reads to a reference genome or set of reference genes.,Provide the name of the read mapping software.,"Bowtie2, BWA-MEM, Kraken2"
read_mapping_software_version,Recommended,GENEPIO:0100833,Free text,The version of the software used to map sequence reads to a reference genome or set of reference genes.,Provide the version number of the read mapping software.,"0.7.17, 2.1.3"
taxonomic_reference_database_name,Recommended,GENEPIO:0100834,Free text,The name of the taxonomic reference database used to identify the organism.,Provide the name of the taxonomic reference database.,PlasmoDB
taxonomic_reference_database_version,Recommended,GENEPIO:0100835,Free text,The version of the taxonomic reference database used to identify the organism.,Provide the version number of the taxonomic reference database.,52 (2024 release)
read_mapping_criteria,Optional,GENEPIO:0100836,Free text,A description of the criteria used to map reads to a reference sequence.,Provide a description of the read mapping criteria or parameter.,Phred score cutoff of ≥ 40
variant_caller_software_name,Optional,,Free text,The name of the software used to call the variant(s).,Provide the name of the variant caller software.,GATK HaplotypeCaller
variant_caller_software_version,Optional,,Free text,The version of the software used to call the variant(s).,Provide the version number of thevariant caller software.,4.1.6.0
taxonomic_identification_process_details,Optional,GENEPIO:0100584,Free text,A data field which describes the details of the process used to determine the taxonomic identification of an organism.,Example Guidance: Briefly describe the taxonomic identififcation method details using free text.,Kraken2 (v.2.1.3) was used for taxonomic identification. HaplotypeCaller (GATK v4.1.6.0) was used for variant calling.
variant_caller_report_filename,Optional,,Free text,The filename of the report containing the results of a variant calling analysis.,Provide the filename of the report containing the results of the variant calling analysis.,?
taxonomic_analysis_report_filename ,Optional,GENEPIO:0101074,Free text,The filename of the report containing the results of a taxonomic analysis.,Provide the filename of the report containing the results of the taxonomic analysis.,Pfalciparum_taxonomic_report_2025-09-01.json
taxonomic analysis date,Optional,GENEPIO:0101075,Structured format ,A data field which describes the date a taxonomic analysis was performed.,"Providing the date that an analyis was performed can help provide context for tool and reference database versions. Provide the date that the taxonomic analysis was performed in ISO 8601 format, i.e. 'YYYY-MM-DD'.",22/09/2025 00:00
variant_calling_date,Optional,,Structured format ,The date a variant calling analysis was performed.,"Providing the date that an analyis was performed can help provide context for tool and reference database versions. Provide the date that the variant calling analysis was performed in ISO 8601 format, i.e. ""YYYY-MM-DD"".",22/09/2025 00:00
multiplicity_of_infection,Recommended,UO:0010075,Numeric,A ratio unit which denotes the quantity of infectious agents to infection targets.,"In cases of polyclonal infection, report the number of detected Plasmodium strains.",2
within_host_diversity_fws,Recommended,,Numeric,Characterisation of within-host diversity (FWS). ,"FWS measures the genetic complexity and diversity of malaria infections within a host relative to the local population, informing on parasite diversity, transmission, and epidemiology. FWS is an index expressed as a value between 0 and 1.",0.998792137
recurrence_type,Recommended,,Permitted value,"Similarity in the patterns of polymorphic markers, e.g., msp1/2 or microsatelites, before and after treatment. ",Report whether a repeated episode of infection after treatment is a new infection (reinfection) or a return of the original infection (recrudescence).,Reinfection 
gene_name,Optional,GENEPIO:0100599,Permitted value(s),"A sequence data which is the name of a gene (typically) assigned by a person and/or according to a naming scheme. 
","A sequence data which is the name of a gene (typically) assigned by a person and/or according to a naming scheme. Report a gene name where the resistance-associated marker is found. Select standard gene names from the pick list.  If a desired gene name is not available in the pick list, select ""Other"" and enter a standard gene name manually.",Kelch 13 Propeller Domain Protein (pfkelch13)
gene_symbol,Optional,GENEPIO:0100598,Permitted value(s),A sequence data which is the short name of a gene typically derived from the gene name.,"A sequence data which is the short name of a gene typically derived from the gene name. Use standard gene symbols from the pick list. If a desired gene symbol is not available in the pick list, select ""Other"" and enter a standard gene symbol manually.",k13
gene_alteration,Recommended,OBI:0001364,Permitted value(s),"A genetic characteristics information that is about known changes or the lack thereof from the genetic background, including allele information, duplication, insertion, and deletion.","Select one or more gene alterations associated with resistance from the provided pick list. Gene alterations and their resulting drug resistance classification are sourced from the WHO Compendium of Molecular Markers for Antimalarial Drug Resistance (https://www.who.int/tools/compendium-of-molecular-markers-for-antimalarial-drug-resistance). If a desired alteration is not available in the pick list, select ""Other"" and enter the alteration term(s) manually. Multiple alterations are formatted following the conventions in the WHO Compendium:
1 - Multiple alterations within a single gene
Alterations use standard amino-acid substitution notation, separated by a plus sign (+).
Example: crt C72S + K76T + A220S + N326D + I356L
2 - Alterations in multiple genes
Gene symbols are listed, separated by an ampersand (&), followed by their corresponding alterations. 
Example: dhfr & dhps N51I + C59R + S108N & A437G + A581G
3 - Wild‑type codons
Wild-type (reference) codons included in the genotype are grouped in parentheses.
Example: crt (C72C + V73V) + M74I + N75E + K76T
                  crt C72S + (V73V + M74M + N75N) + K76T",crt K76T
haplotype,Recommended,GENO:0000871,Permitted value(s),"A set of discrete, genetically-linked sequence alterations that reside on the same chromosomal strand and are typically co-inherited within a haplotype block.","Select a haplotype term from the provided pick list. Haplotypes and their resulting drug resistance classification are sourced from the WHO Compendium of Molecular Markers for Antimalarial Drug Resistance (https://www.who.int/tools/compendium-of-molecular-markers-for-antimalarial-drug-resistance). If the desired haplotype is not available, select ""Other"" and enter the haplotype manually. Haplotypes are formatted following the conventions in the WHO Compendium: 
gene symbol (codon positions separated by “-”) followed by the amino-acid haplotype representing substitutions at those codon positions. The haplotype letters correspond to the amino acids present at the specified codon positions. 
E.g., dhfr (N51-C59-S108-I164) IRNI; dhps (S436-A437-K540-A581-A613) SGKAA; crt (K76) T; or mdr1 (N86-Y184-D1246) YFD. ",dhps (I431-S436-A437-K540-A581-A613) IAAKAA
genotype_classification,Optional,,Permitted value(s),Marker category based on the type(s) of evidence supporting their association with (antimalarial drug) resistance.,"If the marker gene alteration(s) or haplotype(s) is not included in the WHO Compendium of Molecular Markers for Antimalarial Drug Resistance (https://www.who.int/tools/compendium-of-molecular-markers-for-antimalarial-drug-resistance), select a genotype classification value from the provided pick list. ",Validated marker
genotype_classification_details,Optional,,Free text,"Details that provide additional context to the genotype classification, e.g.,  Prevalent in sub-Saharan Africa; Primarly seen in Central Africa, or Primary mediator of resistance.","Free text description of additional context to the genotype classification, such as prevalent in sub-Saharan Africa; primarly seen in Central Africa; primary mediator of resistance; seen in Eastern but not Western Africa; uncommon in sub-Saharan Africa; or wild type associated with decreased susceptibility or decreases susceptibility.",Primary mediator of resistance
genotype_classification_evidence,Optional,,Permitted value(s),"Evidence supporting specific mutation, haplotype, or gene amplification associated with resistance.",Select one or multiple values separated by comma(s) from the pick list provided. ,Laboratory evidence 
resistance_status ,Optional,,Permitted value(s),Classification into different types of resistance to drugs or combinations of drugs and to RDT diagnostic detection.,Select one or multiple values separated by comma(s) from the pick list provided. ,"Chloroquine resistance [IDOMAL:50000042], Sulphadoxine-pyrimethamine resistance [IDOMAL:50000036]."
authors,Recommended,GENEPIO:0001517,Free text,"Names of individuals contributing to the processes of sample collection, sequence generation, analysis, and data submission.","Include the first and last names of all individuals that should be attributed, separated by a comma.","Tejinder Singh, Fei Hu, Johnny Blogs"
